"","id","uri","siglaTipo","codTipo","numero","ano","ementa"
"1",2199624,"https://dadosabertos.camara.leg.br/api/v2/proposicoes/2199624","EMC","130","1","2019","Modifica o sistema de previdência social, estabelece regras de transição e disposições transitórias, e dá outras providências."
"2",2199625,"https://dadosabertos.camara.leg.br/api/v2/proposicoes/2199625","EMC","130","2","2019","Modifica o sistema de previdência social, estabelece regras de transição e disposições transitórias, e dá outras providências."
"3",2199779,"https://dadosabertos.camara.leg.br/api/v2/proposicoes/2199779","EMC","130","3","2019","Emenda modificativa que estabelece regra de transição justa e proporcional aos servidores públicos em geral e professores."
"4",2200218,"https://dadosabertos.camara.leg.br/api/v2/proposicoes/2200218","EMC","130","4","2019","Altera as regras do financiamento da seguridade social, por meio da incorporação dos novos §§ 5º e 6º, ao art. 159 da Constituição Federal."
"5",2200893,"https://dadosabertos.camara.leg.br/api/v2/proposicoes/2200893","EMC","130","5","2019","Altera os arts. 40 e 201 da Constituição Federal, e o arts 3º, 4º, 10 e 18 da Proposta de Emenda à Constituição nº 6, de 2019, que dispõe sobre a seguridade social, estabelece regras de transição e dá outras providências"
"6",2201763,"https://dadosabertos.camara.leg.br/api/v2/proposicoes/2201763","EMC","130","6","2019","Modifica o sistema de previdência social, estabelece regras de transição e disposições transitórias, e dá outras providências."
"7",2202176,"https://dadosabertos.camara.leg.br/api/v2/proposicoes/2202176","EMC","130","7","2019","Modifica a Proposta de Emenda à Constituição 6/19 no âmbito do sistema de previdência e seguridade social dos operadores de Segurança Pública, mantendo a adoção de requisitos e critérios diferenciados para a concessão de aposentadoria a estes servidores, nos termos definidos em leis complementares."
"8",2203457,"https://dadosabertos.camara.leg.br/api/v2/proposicoes/2203457","EMC","130","8","2019","Modifica o sistema de previdência social, estabelece regras de transição e disposições transitórias, e dá outras providências."
"9",2203499,"https://dadosabertos.camara.leg.br/api/v2/proposicoes/2203499","EMC","130","9","2019","Altera o item 3 da alínea ""e"" do inciso I do § 1º do art. 40 da Constituição Federal, alterado pelo art. 1º da PEC nº 6, de 2019 e ao § 6º do art. 4º da PEC nº 6, de 2019."
"10",2203537,"https://dadosabertos.camara.leg.br/api/v2/proposicoes/2203537","EMC","130","10","2019","IInclui oficiais de justiça entre os beneficiários de aposentadoria especial."
"11",2203548,"https://dadosabertos.camara.leg.br/api/v2/proposicoes/2203548","EMC","130","11","2019","Assegura aos filiados do RGPS a contagem do tempo de contribuição quando exercerem atividades de cuidador de criança na fase da primeira infância, de idoso e de pessoa portadora de deficiência quando seja necessário cuidado em tempo integral."
"12",2203549,"https://dadosabertos.camara.leg.br/api/v2/proposicoes/2203549","EMC","130","12","2019","Altera dispositivos dos artigos 1º, 4º, 10 e 12 da PEC 06/2019 para dispor sobre o regime previdenciário dos policiais dos órgãos a que se referem o inciso IV do caput do art. 51, o inciso XIII, do caput do art. 52 e os incisos I a IV do caput do art. 144  da Constituição e dá outras providências."""
"13",2203565,"https://dadosabertos.camara.leg.br/api/v2/proposicoes/2203565","EMC","130","13","2019","Modifica o sistema de previdência social, estabelece regras de transição e disposições transitórias, e dá outras providências"
"14",2203631,"https://dadosabertos.camara.leg.br/api/v2/proposicoes/2203631","EMC","130","14","2019","Inclui as Guardas Municipais no rol das forças de segurança pública previstas no Art. 144 da Constituição Federal e lhes assegura tratamento isonômico das regras previdenciárias, com relação as demais categorias da segurança pública."
"15",2203690,"https://dadosabertos.camara.leg.br/api/v2/proposicoes/2203690","EMC","130","15","2019","Altera o artigo 42 da Constituição Federal para garantir reciprocidade da contagem do tempo de serviço, bem como garantir a simetria no Sistema de Proteção Social dos militares federais; e suprime dispositivos da PEC 06/2019 (art. 1º, inciso XXI do art. 22; §§ 1º, 2º e 3º do art. 42; e art. 17)."
"16",2204003,"https://dadosabertos.camara.leg.br/api/v2/proposicoes/2204003","EMC","130","16","2019","Aplica aos policiais militares e aos bombeiros militares as regras de transferência para a inatividade e pensão por morte dos militares das Forças Armadas, salvo se a corporação já possuir regulamentação por lei federal."
"17",2204224,"https://dadosabertos.camara.leg.br/api/v2/proposicoes/2204224","EMC","130","17","2019","Modifica o sistema de previdência social, estabelece regras de transição e disposições transitórias, e dá outras providências."
"18",2204242,"https://dadosabertos.camara.leg.br/api/v2/proposicoes/2204242","EMC","130","18","2019","Modifica o sistema de previdência social, estabelece regras de transição e disposições transitórias, e dá outras providências."
"19",2204261,"https://dadosabertos.camara.leg.br/api/v2/proposicoes/2204261","EMC","130","19","2019","Adiciona ao art. 1º da Proposta de Emenda Constitucional 6, de 2019, o inciso V do § 7º do art. 201 e o artigo 25 para dispor sobre o regime previdenciário dos vigilantes e dá outras providências."
"20",2204263,"https://dadosabertos.camara.leg.br/api/v2/proposicoes/2204263","EMC","130","20","2019","Dê-se nova redação ao § 9º do art. 39 da Constituição Federal, constante do art. 1º da Proposta de Emenda à Constituição nº 6, de 2019, para ressalvar o pagamento do benefício especial resultante da opção a que se refere o § 16 do art. 40."
"21",2204284,"https://dadosabertos.camara.leg.br/api/v2/proposicoes/2204284","EMC","130","21","2019","Modifica o sistema de previdência social, estabelece regras de transição e disposições transitórias, e dá outras providências."
"22",2204287,"https://dadosabertos.camara.leg.br/api/v2/proposicoes/2204287","EMC","130","22","2019","Modifica o sistema de previdência social, estabelece regras de transição e disposições transitórias, e dá outras providências."
"23",2204310,"https://dadosabertos.camara.leg.br/api/v2/proposicoes/2204310","EMC","130","23","2019","Inclui os servidores da Perícia Oficial de Natureza Criminal. emenda aditiva"
"24",2204443,"https://dadosabertos.camara.leg.br/api/v2/proposicoes/2204443","EMC","130","24","2019","Suprima-se do texto da Proposta de Emenda à Constituição nº 6, de 2019, os dispositivos ou expressões que alteram os requisitos de tempo de contribuição e/ou de idade mínima, as regras de transição e disposições transitórias, para a aposentadoria dos professores."
"25",2204456,"https://dadosabertos.camara.leg.br/api/v2/proposicoes/2204456","EMC","130","25","2019","Acrescenta artigo à PEC 06/2019 para incluir na regra de transição período adicional de contribuição de trinta por cento."
"26",2204496,"https://dadosabertos.camara.leg.br/api/v2/proposicoes/2204496","EMC","130","26","2019","Modifica arts. 1º, 4º, 5º e 12º da Proposta de Emenda à Constituição nº 6 de 2019."
"27",2204504,"https://dadosabertos.camara.leg.br/api/v2/proposicoes/2204504","EMC","130","27","2019","Suprime do texto da Proposta de Emenda à Constituição nº 6, de 2019, dispositivos e expressões relacionados aos trabalhadores rurais."
"28",2204506,"https://dadosabertos.camara.leg.br/api/v2/proposicoes/2204506","EMC","130","28","2019","Modifica o sistema de previdência social, estabelece regras de transição e disposições transitórias, e dá outras providências."
"29",2204507,"https://dadosabertos.camara.leg.br/api/v2/proposicoes/2204507","EMC","130","29","2019","Estabelece modelo de previdência baseado em três pilares: social de um salário mínimo; de sistema de repartição com regras reparametrizadas e de regime de capitalização complementar com a obrigatoriedade da contribuição patronal."
"30",2204571,"https://dadosabertos.camara.leg.br/api/v2/proposicoes/2204571","EMC","130","30","2019","EMENDA MODIFICATIVA 
(Altera os arts. 22 e 24 da PEC nº 6/2019.)"
"31",2204580,"https://dadosabertos.camara.leg.br/api/v2/proposicoes/2204580","EMC","130","31","2019","Dê-se ao art. 3º constante do Capítulo III da PEC 06, de 2019, a seguinte redação:"
"32",2204582,"https://dadosabertos.camara.leg.br/api/v2/proposicoes/2204582","EMC","130","32","2019","Dê-se ao art. 3º constante do Capítulo III da PEC 06, de 2019."
"33",2204617,"https://dadosabertos.camara.leg.br/api/v2/proposicoes/2204617","EMC","130","33","2019","Suprime dispositivos da PEC 6, de 2019 que tratam da alíquota de contribuição."
"34",2204618,"https://dadosabertos.camara.leg.br/api/v2/proposicoes/2204618","EMC","130","34","2019","Modifica o sistema de previdência social, estabelece regras de transição e disposições transitórias, e dá outras providências."
"35",2204619,"https://dadosabertos.camara.leg.br/api/v2/proposicoes/2204619","EMC","130","35","2019","Altera o art. 8º, §1º, incisos II e III, suprime o atual inciso III, do art. 8º, § 1º,  renumera o seu atual inciso IV,  para inciso III, altera o art. 8º, § 2º, suprime o inciso II, do parágrafo 7º, do art. 12, suprime o parágrafo 9º, do art. 12, bem como suprime os incisos III e V do parágrafo 10 do Art. 12, todos da PEC 06/2019, que modifica o sistema de previdência social, estabelece regras de transição e disposições transitórias, e dá outras providências."
"36",2204621,"https://dadosabertos.camara.leg.br/api/v2/proposicoes/2204621","EMC","130","36","2019","Suprime as redações dadas ao § 6º do art. 40, ao art. 201-A e o art. 115 constantes dos artigos 1º e 2º da PEC 6 de 2019."
"37",2204631,"https://dadosabertos.camara.leg.br/api/v2/proposicoes/2204631","EMC","130","37","2019","Art 1º. Dê-se ao artigo 3º da PEC n. 6/2019, caput e parágrafos, a seguinte redação:"
"38",2204639,"https://dadosabertos.camara.leg.br/api/v2/proposicoes/2204639","EMC","130","38","2019","Acrescente-se ao art. 1º da Proposta de Emenda à Constituição nº 6, de 2019, a seguinte redação:"
"39",2204658,"https://dadosabertos.camara.leg.br/api/v2/proposicoes/2204658","EMC","130","39","2019","Acrescente-se ao artigo 10 do Ato das Disposições Constitucionais Transitórias, alterado pelo art. 2º da Proposta, a seguinte alínea ""c"" no inciso II:
""Art.2º..........................................................................................
......................................................................................................
Art. 10..........................................................................................
.....................................................................................................
II - ..............................................................................................
...................................................................................................
c) do empregado nos 2 (dois) últimos anos que faltarem para completar a idade mínima para a aposentadoria.
............................................................................................"" (NR)"
"40",2204662,"https://dadosabertos.camara.leg.br/api/v2/proposicoes/2204662","EMC","130","40","2019","Dê-se ao item 3 da alínea ""e"" do inciso I do § 1º do art. 40 do texto constitucional, alterado pelo art. 1º da Proposta de Emenda à Constituição nº 6/2019, a seguinte redação:"
"41",2204663,"https://dadosabertos.camara.leg.br/api/v2/proposicoes/2204663","EMC","130","41","2019","Suprimam-se o número 2 da letra 'e' do inciso I do § 1º do art. 40, alterado pelo art. 1º e o inciso II do § 4º do art. 12; inclua-se os seguintes §§ 18 e 19 ao art. 40 da Constituição, alterado pelo art. 1º; dê-se nova redação ao art. 4º; e inclua-se o art. 46, renumerando-se os demais, todos da PEC nº 6, de 2019, nos seguintes termos:"
"42",2204672,"https://dadosabertos.camara.leg.br/api/v2/proposicoes/2204672","EMC","130","42","2019","Altera o Art. 40 da constituição, inserido no artigo 1º da Proposta de Emenda à Constituição nº 6 de 2019."
"43",2204748,"https://dadosabertos.camara.leg.br/api/v2/proposicoes/2204748","EMC","130","43","2019","Acrescenta os oficiais e os agentes de inteligência da Agência Brasileira de Inteligência nas categorias previstas com a possibilidade de aposentadoria especial."
"44",2204749,"https://dadosabertos.camara.leg.br/api/v2/proposicoes/2204749","EMC","130","44","2019","Modifica o sistema de previdência social, estabelece regras de transição e disposições transitórias, e dá outras providências."
"45",2204832,"https://dadosabertos.camara.leg.br/api/v2/proposicoes/2204832","EMC","130","45","2019","Modifica o sistema de previdência social, estabelece regras de transição e disposições transitórias, e dá outras providências."
"46",2204833,"https://dadosabertos.camara.leg.br/api/v2/proposicoes/2204833","EMC","130","46","2019","Modifica o sistema de previdência social, estabelece regras de transição e disposições transitórias, e dá outras providências."
"47",2204835,"https://dadosabertos.camara.leg.br/api/v2/proposicoes/2204835","EMC","130","47","2019","Modifica o sistema de previdência social, estabelece regras de transição e disposições transitórias, e dá outras providências."
"48",2204836,"https://dadosabertos.camara.leg.br/api/v2/proposicoes/2204836","EMC","130","48","2019","Modifica o sistema de previdência social, estabelece regras de transição e disposições transitórias, e dá outras providências."
"49",2204837,"https://dadosabertos.camara.leg.br/api/v2/proposicoes/2204837","EMC","130","49","2019","Suprimam-se o § 8º do art. 40 da Constituição Federal, alterado pelo art. 1º da PEC 6/2019, os §§ 3º e 4º do art. 9º, e a expressão ""§19"" da alínea ""a"" do inciso I do art. 46 da PEC 6/2019."
"50",2204838,"https://dadosabertos.camara.leg.br/api/v2/proposicoes/2204838","EMC","130","50","2019","Modifica o sistema de previdência social, estabelece regras de transição e disposições transitórias, e dá outras providências."
"51",2204839,"https://dadosabertos.camara.leg.br/api/v2/proposicoes/2204839","EMC","130","51","2019","Suprimam-se o art. 149 e seus parágrafos, incisos e alíneas do art. 1º, o inciso II do art. 195 do art. 1º, o art. 13 e seus §§ 1º e 2º, o caput do art. 14 e seus parágrafos e incisos, o art. 15 e seus §§ 1º e 2º e o art. 45 da PEC 6/2019."
"52",2204840,"https://dadosabertos.camara.leg.br/api/v2/proposicoes/2204840","EMC","130","52","2019","Modifica o sistema de previdência social, estabelece regras de transição e disposições transitórias, e dá outras providências."
"53",2204841,"https://dadosabertos.camara.leg.br/api/v2/proposicoes/2204841","EMC","130","53","2019","Modifica o sistema de previdência social, estabelece regras de transição e disposições transitórias, e dá outras providências."
"54",2204842,"https://dadosabertos.camara.leg.br/api/v2/proposicoes/2204842","EMC","130","54","2019","Modifica o sistema de previdência social, estabelece regras de transição e disposições transitórias, e dá outras providências."
"55",2204957,"https://dadosabertos.camara.leg.br/api/v2/proposicoes/2204957","EMC","130","55","2019","Dê-se aos artigos 22 e 42 constantes do art. 1º da PEC e por consequência ao art. 17, a seguinte redação:"
"56",2205023,"https://dadosabertos.camara.leg.br/api/v2/proposicoes/2205023","EMC","130","56","2019","Acrescenta alteração ao inciso V, do artigo 49 da Constituição Federal."
"57",2205024,"https://dadosabertos.camara.leg.br/api/v2/proposicoes/2205024","EMC","130","57","2019","Acrescenta § 14º ao artigo 37, da Proposta de Emenda Constitucional nº 6 de 2019."
"58",2205160,"https://dadosabertos.camara.leg.br/api/v2/proposicoes/2205160","EMC","130","58","2019","Para suprimir os artigos 13, 14 e 15 da PEC 6/2019 (alíquotas progressivas e extraordinárias)."
"59",2205162,"https://dadosabertos.camara.leg.br/api/v2/proposicoes/2205162","EMC","130","59","2019","Acrescenta a expressão ""preservando-lhe, em caráter permanente, o valor real"", aos artigos 40, §1, alínea C e 201, § 1º, inciso V, ambos da Constituição Federal."
"60",2205163,"https://dadosabertos.camara.leg.br/api/v2/proposicoes/2205163","EMC","130","60","2019","Altera o art. 3º da PEC para determinar o aumento de 17% (dezessete por cento) do tempo que faltar para que os servidores públicos em atividade garantam o direito de se aposentar percebendo proventos de aposentadoria conforme as regras de seu momento de ingresso no Serviço Público."
"61",2205165,"https://dadosabertos.camara.leg.br/api/v2/proposicoes/2205165","EMC","130","61","2019","Modifica os arts. 3º e 8º, o §3º, do art. 19, o § 2º do art. 24, o §1º, do art. 25, o art. 26 e o art. 30, todos da PEC 06/2019. Suprime o art. 3º, o inciso II, do §3° e o inciso I, do §5°, do art. 4°, o inciso II, do §4°, e o inciso I, do §6° do art. 6°, o § 1º, do art. 9°, o inciso II, do § 7º, do art. 12, o § 9º, do art. 12, o inciso III, do § 10, do art. 12, o inciso V, do § 10, do art. 12, todos da PEC 6/2019, para garantir condições sociais mínimas quanto às pensões, às acumulações e à aposentadoria por invalidez."
"62",2205208,"https://dadosabertos.camara.leg.br/api/v2/proposicoes/2205208","EMC","130","62","2019","Modifica o sistema de previdência social, estabelece regras de transição e disposições transitórias, e dá outras providências."
"63",2205213,"https://dadosabertos.camara.leg.br/api/v2/proposicoes/2205213","EMC","130","63","2019","Modifica o sistema de previdência social, estabelece regras de transição e disposições transitórias, e dá outras providências."
"64",2205251,"https://dadosabertos.camara.leg.br/api/v2/proposicoes/2205251","EMC","130","64","2019","Restringe aos servidores da União as modificações feitas pela PEC 06/19, cabendo aos estados, DF e municípios estabelecerem os respectivos regimes próprios, considerando suas disponibilidades financeiras."
"65",2205262,"https://dadosabertos.camara.leg.br/api/v2/proposicoes/2205262","EMC","130","65","2019","Altera o § 1º do art. 203 da Constituição Federal, para dispor sobre a condição de concessão do BPC ao deficiente e para permitir que outro benefício assistencial já concedido a membro da família não seja computado para fins de cálculo da renda familiar."
"66",2205280,"https://dadosabertos.camara.leg.br/api/v2/proposicoes/2205280","EMC","130","66","2019","Estende aos peritos oficiais de natureza criminal e demais servidores da perícia oficial de natureza criminal as regras de aposentadoria das demais categorias policiais."
"67",2205343,"https://dadosabertos.camara.leg.br/api/v2/proposicoes/2205343","EMC","130","67","2019","Proposta de Emenda que substitui o art. 1° da PEC 06/2019 para corrigir distorções nas regras previdenciárias relacionadas aos Regimes Próprios de Previdência Social, em especial no tocante às atividades especiais."
"68",2205344,"https://dadosabertos.camara.leg.br/api/v2/proposicoes/2205344","EMC","130","68","2019","Proposta de Emenda que substitui o art. 1° da PEC 06/2019 para modificar o art. 149, corrigindo distorções nos Regimes Próprios de Previdência Social."
"69",2205345,"https://dadosabertos.camara.leg.br/api/v2/proposicoes/2205345","EMC","130","69","2019","Projeto de Emenda que modifica os artigos 1°, 3°, 6°, 7°, 10, 18, 21, 22, 24, 37, 41 e 46, suprime partes dos artigos 1° e 3°, e suprime integralmente os arts. 2°, 8°, 12, 13, 14, 15, 19, 20, 25, 26, 27, 28, 29, 30, 31, 32, 33, 35, 36, 38, 40, 41, 42, 43, 44, 45 e 46 da PEC 06/2019, para alterar as regras geral e de transição relacionados aos Regimes de Previdência Social."
"70",2205352,"https://dadosabertos.camara.leg.br/api/v2/proposicoes/2205352","EMC","130","70","2019","Proposto de Emenda Constitucional que altera os arts. 3°, 6°, 7°, 10 e 46 da PEC 06/2019 para substituir o texto da regra de transição relacionada aos Regimes Próprios de Previdência Social, das regras atinentes às atividades especiais e  quanto ao abono de permanência."
"71",2205353,"https://dadosabertos.camara.leg.br/api/v2/proposicoes/2205353","EMC","130","71","2019","Emenda que suprime partes dos arts. 1° e 3°, e os arts. 2°, 8°, 12, 13, 14, 15, 28, 30, 31, 40, 41 e 42 da PEC 06/2019 para adequar as regras relacionadas aos Servidors Públicos ligados a Regimes Próprios de Previdência Social."
"72",2205398,"https://dadosabertos.camara.leg.br/api/v2/proposicoes/2205398","EMC","130","72","2019","Modifica o sistema de previdência social, estabelece regras de transição e disposições transitórias, e dá outras providências."
"73",2205439,"https://dadosabertos.camara.leg.br/api/v2/proposicoes/2205439","EMC","130","73","2019","Altera os art. 3º, 12, 18, 19 e 24 da Proposta de Emenda à Constituição nº 6, de 2019 no que tange a aposentadoria especial dos professores da educação infantil e do ensino fundamental e médio."
"74",2205451,"https://dadosabertos.camara.leg.br/api/v2/proposicoes/2205451","EMC","130","74","2019","Regulamenta a competência da Justiça Federal para julgar as causas relacionadas às entidades de previdência complementar a que se refere o §15 do art. 40 da Constituição Federal."
"75",2205535,"https://dadosabertos.camara.leg.br/api/v2/proposicoes/2205535","EMC","130","75","2019","Altera as regras de transição relacionadas aos regimes próprios de previdência social dos servidores ocupantes de cargo de natureza administrativa, fiscalizatória ou auxiliar dos órgãos a que se referem o inciso IV do caput do art. 51, o inciso XIII do caput do art. 52 e os incisos I a IV do caput do art. 144, da Constituição Federal."
"76",2205543,"https://dadosabertos.camara.leg.br/api/v2/proposicoes/2205543","EMC","130","76","2019","Modifica o sistema de previdência social, estabelece regras de transição e disposições transitórias, e dá outras providências."
"77",2205545,"https://dadosabertos.camara.leg.br/api/v2/proposicoes/2205545","EMC","130","77","2019","Modifica o sistema de previdência social, estabelece regras de transição e disposições transitórias, e dá outras providências."
"78",2205548,"https://dadosabertos.camara.leg.br/api/v2/proposicoes/2205548","EMC","130","78","2019","Altera dispositivos dos artigos 1º, 5º, 10 e 12 da PEC 06/2019 para dispor sobre o regime previdenciário dos agentes penitenciários, socioeducativos e guardas municipais e dá outras providências."
"79",2205560,"https://dadosabertos.camara.leg.br/api/v2/proposicoes/2205560","EMC","130","79","2019","Dá-se nova redação ao Art. 1º, Capítulo I, da PEC 6/2019, no tocante ao ""art.109, I e ao § 3º, da Constituição Federal e altera o art.44, do Capítulo VII, da PEC 6/2019, passando-se a vigorar com a seguinte redação: 
""I - as causas em que a União, entidade autárquica ou empresa pública federal forem interessadas na condição de autoras, rés, assistentes ou oponentes, exceto às de falência, as de acidente de trabalho e as sujeitas à Justiça Eleitoral e à Justiça do Trabalho""; (...) 
§ 3º -""serão processadas e julgadas na Justiça Estadual, no foro do domicílio dos segurados ou beneficiários, as causas em que forem parte instituição de previdência social e segurado, sempre que a comarca não seja sede de vara do juízo federal, e, se verificada essa condição, a lei poderá permitir que outras causas sejam também processadas e julgadas pela Justiça Estadual.""(...)
""Art.44 - A Justiça Estadual será competente para julgar as ações previdenciárias em primeira instância apenas, sempre que a Comarca de domicílio do segurado ou beneficiário não for sede de vara federal."" (...)"
"80",2205564,"https://dadosabertos.camara.leg.br/api/v2/proposicoes/2205564","EMC","130","80","2019","Dê-se ao § 15, do art. 40, da Constituição Federal, COntido no art. 1º da Proposta de Emenda à Constituição nº 6, de 2019, a seguinte redação:"
"81",2205582,"https://dadosabertos.camara.leg.br/api/v2/proposicoes/2205582","EMC","130","81","2019","Altera o §1º e os incisos I e II, do §3º, o §5º; do artigo 4 º da PEC 06, de 2019, que dispõe sobre a seguridade social, estabelece regras de transição e dá outras providências."
"82",2205583,"https://dadosabertos.camara.leg.br/api/v2/proposicoes/2205583","EMC","130","82","2019","Acrescentam-se ao art. 3º, como regra de transição para os servidores públicos que na data da publicação desta emenda possuírem trinta anos de contribuição ou que ingressaram no serviço público antes de 16 de dezembro de 1998, e altera-se o art. 2º Art. 46 aonde ficam revogados: I - os §§ 18, 19, 20 e 21 do art. 40 e o §§ 12 e 13 do art. 201 da Constituição e II - os artigos 9º, 13 e 15 da Emenda Constitucional nº 20, de 15 de dezembro de 1998."
"83",2205588,"https://dadosabertos.camara.leg.br/api/v2/proposicoes/2205588","EMC","130","83","2019","Acrescenta ao Capítulo da Seguridade Social a seção II, nomeando-a ""Seguridade Social da Criança"", renumerando-se as demais, e o seguinte art. 195-A, na forma do art. 1° da Proposta de Emenda à Constituição n° 06, de 2019."
"84",2205590,"https://dadosabertos.camara.leg.br/api/v2/proposicoes/2205590","EMC","130","84","2019","Acrescenta o § 4º ao art. 24 da Proposta de Emenda à Constituição no 6, de 2019, tratando sobre antecipação de aposentadoria em até cinco anos em caso de desemprego involuntário de longa duração"
"85",2205591,"https://dadosabertos.camara.leg.br/api/v2/proposicoes/2205591","EMC","130","85","2019","Altera o art. 195 da Constituição, na forma do art. 1º da Proposta de Emenda à Constituição no6, de 2019, mantendo a qualidade de segurado especial aos contribuintes rurais quando não houver comercialização rural ou quando não for atingido o valor mínimo estipulado anual."
"86",2205592,"https://dadosabertos.camara.leg.br/api/v2/proposicoes/2205592","EMC","130","86","2019","Altera o art. 24 da Proposta de Emenda à Constituição no 6, de 2019, modificando o tempo mínimo de contribuição e dá outras providências"
"87",2205593,"https://dadosabertos.camara.leg.br/api/v2/proposicoes/2205593","EMC","130","87","2019","Altera o art. 37 da Constituição tornando ato de improbidade administrativa a concessão ou a requisição de parcelas materialmente remuneratórias, mas formalmente indenizatórias e dá outras providências"
"88",2205594,"https://dadosabertos.camara.leg.br/api/v2/proposicoes/2205594","EMC","130","88","2019","Altera a Proposta de Emenda à Constituição n° 6, de 2019, no que se refere à pessoa com deficiência."
"89",2205595,"https://dadosabertos.camara.leg.br/api/v2/proposicoes/2205595","EMC","130","89","2019","Suprime o Art. 41 da Proposta de Emenda à Constituição que trata sobre o Benefício de Prestação Continuada dos idosos."
"90",2205596,"https://dadosabertos.camara.leg.br/api/v2/proposicoes/2205596","EMC","130","90","2019","Modifica o sistema de previdência social, estabelece regras de transição e disposições transitórias, e dá outras providências."
"91",2205599,"https://dadosabertos.camara.leg.br/api/v2/proposicoes/2205599","EMC","130","91","2019","Modifica o sistema de previdência social, estabelece regras de transição e disposições transitórias, e dá outras providências."
"92",2205605,"https://dadosabertos.camara.leg.br/api/v2/proposicoes/2205605","EMC","130","92","2019","Assegura, até a edição de lei complementar, a aposentadoria dos professores e professoras pelas regras constitucionais atualmente vigentes."
"93",2205608,"https://dadosabertos.camara.leg.br/api/v2/proposicoes/2205608","EMC","130","93","2019","Suprime alterações promovidas pela PEC n. 6, de 2019, para assegurar o acesso ao Poder Judiciário."
"94",2205610,"https://dadosabertos.camara.leg.br/api/v2/proposicoes/2205610","EMC","130","94","2019","Altera o Art. 40 da Constituição, inserido no artigo 1º da Proposta de Emenda à Constituição nº 6 de 2019."
"95",2205611,"https://dadosabertos.camara.leg.br/api/v2/proposicoes/2205611","EMC","130","95","2019","Garante contagem de tempo de contribuição aos ACS e ACE, no período de 1º de janeiro de 1991 a 31 de dezembro de 2006."
"96",2205612,"https://dadosabertos.camara.leg.br/api/v2/proposicoes/2205612","EMC","130","96","2019","Mantém o regime jurídico previdenciário vigente na Constituição Federal para trabalhadoras e trabalhadores rurais."
"97",2205619,"https://dadosabertos.camara.leg.br/api/v2/proposicoes/2205619","EMC","130","97","2019","Assegura a manutenção do regime previdenciário especial ao professor que comprove exclusivamente tempo de efetivo exercício das funções de magistério na educação infantil e no ensino fundamental e médio."
"98",2205621,"https://dadosabertos.camara.leg.br/api/v2/proposicoes/2205621","EMC","130","98","2019","Modifica  o sistema de previdência social, estabelece regras de transição e disposições transitórias, e dá outras providências."
"99",2205622,"https://dadosabertos.camara.leg.br/api/v2/proposicoes/2205622","EMC","130","99","2019","Modifica  o sistema de previdência social, estabelece regras de transição e disposições transitórias, e dá outras providências."
"100",2205625,"https://dadosabertos.camara.leg.br/api/v2/proposicoes/2205625","EMC","130","100","2019","Adiciona artigo que estabelece que a vedação da percepção simultânea de proventos de aposentadoria do regime próprio de previdência social de que trata o art. 40, de proventos de inatividade, de que tratam os art. 42 e art. 142 e de proventos de aposentadoria do Regime Geral de Previdência Social, de que trata o art. 201, decorrentes do exercício de cargo, emprego ou função pública, com a remuneração de cargo, emprego ou função pública, ressalvados os cargos acumuláveis na forma prevista nesta Constituição, os cargos eletivos e os cargos em comissão declarados em lei de livre nomeação e exoneração, seja aplicada somente aos empregados públicos que ainda não estejam aposentados pelo Regime Geral de Previdência Social."
"101",2205626,"https://dadosabertos.camara.leg.br/api/v2/proposicoes/2205626","EMC","130","101","2019","Emenda modificativa que torna as novas regras para o Benefício de Prestação Continuada - BPC, opção para o idoso que completar 60 anos de idade, sem excluir as regras atuais vigentes para a concessão do benefício aos 65 anos."
"102",2205627,"https://dadosabertos.camara.leg.br/api/v2/proposicoes/2205627","EMC","130","102","2019","emenda aditiva que adiciona artigo que permite continuar em atividade o empregado que perceba cumulativamente, na data da publicação desta Emenda,  proventos de aposentadoria do Regime Geral de Previdência Social, de que trata o art. 201, decorrentes do exercício de cargo, emprego ou função pública, com a remuneração de cargo, emprego ou função pública, ressalvados os cargos acumuláveis na forma prevista nesta Constituição, os cargos eletivos e os cargos em comissão declarados em lei de livre nomeação e exoneração, desde que opte por ter o pagamento do benefício suspenso enquanto continuar no exercício do cargo, emprego ou função pública."
"103",2205628,"https://dadosabertos.camara.leg.br/api/v2/proposicoes/2205628","EMC","130","103","2019","Suprimido o § 5º do art. 195 previsto no art. 1º da PEC 06/ 2019"
"104",2205629,"https://dadosabertos.camara.leg.br/api/v2/proposicoes/2205629","EMC","130","104","2019","Altera o art. 24 da PEC 06/ 2019"
"105",2205630,"https://dadosabertos.camara.leg.br/api/v2/proposicoes/2205630","EMC","130","105","2019","Amplia a regra de transição do pedágio para 5 anos."
"106",2205631,"https://dadosabertos.camara.leg.br/api/v2/proposicoes/2205631","EMC","130","106","2019","Suprime § 3º do art. 239, alterado pelo art. 1º da PEC 06/ 2019"
"107",2205633,"https://dadosabertos.camara.leg.br/api/v2/proposicoes/2205633","EMC","130","107","2019","Modifica arts. 1ºe 5º da Proposta de Emenda à Constituição nº 6 de 2019."
"108",2205635,"https://dadosabertos.camara.leg.br/api/v2/proposicoes/2205635","EMC","130","108","2019","Em relação ao art. 239 da Constituição Federal de 1988, alterado pelo art. 1º da PEC nº 6, de 2019, altere-se a redação do caput e de seu § 1º."
"109",2205636,"https://dadosabertos.camara.leg.br/api/v2/proposicoes/2205636","EMC","130","109","2019","Destina à educação 20% do que for economizado com a reforma da Previdência e elimina o teto dos gastos com educação."
"110",2205638,"https://dadosabertos.camara.leg.br/api/v2/proposicoes/2205638","EMC","130","110","2019","Acrescente-se parágrafo único ao art. 45 da Proposta de Emenda à Constituição nº 6, de 2019 (Disposições Finais), para elencar as categorias de trabalhadores que não serão atingidas pela Reforma da Previdência, tendo em vista suas condições de trabalho e a aposentadoria a ser recebida que em maioria não ultrapassa três salários mínimos, que passa a ter a seguinte redação"
"111",2205640,"https://dadosabertos.camara.leg.br/api/v2/proposicoes/2205640","EMC","130","111","2019","Suprima-se o §1º do Art. 4º da Proposta de Emenda à Constituição nº 06, de 2019."
"112",2205641,"https://dadosabertos.camara.leg.br/api/v2/proposicoes/2205641","EMC","130","112","2019","Acrescente-se o inciso III ao §3º e o §7º no art. 4º da Proposta de Emenda à Constituição nº 06, de 2019."
"113",2205642,"https://dadosabertos.camara.leg.br/api/v2/proposicoes/2205642","EMC","130","113","2019","Altera o §1º do Art. 4º da Proposta de Emenda à Constituição nº 06, de 2019."
"114",2205643,"https://dadosabertos.camara.leg.br/api/v2/proposicoes/2205643","EMC","130","114","2019","Acrescente-se parágrafo único ao art. 45 da Proposta de Emenda à Constituição nº 6, de 2019 (Disposições Finais), para elencar as categorias de trabalhadores que não serão atingidas pela Reforma da Previdência, tendo em vista suas condições de trabalho e a aposentadoria a ser recebida que em maioria não ultrapassa três salários mínimos, que passa a ter a seguinte redação"
"115",2205653,"https://dadosabertos.camara.leg.br/api/v2/proposicoes/2205653","EMC","130","115","2019","Altere-se o art. 1º da Proposta de Emenda à Constituição nº 6, de 2019, para dar nova redação ao §8º do art. 195 e §7ºA do art. 201 da Constituição Federal e, em decorrência, excluam-se regras de transição e disposições transitórias relativas ao trabalhador rural, mediante nova redação dada ao caput e ao §4º do art. 22, ao caput e ao inciso I e §2º do art. 24 da Proposta de Emenda à Constituição nº 6, de 2019, bem como suprimam-se o §8ºA e §8ºB do art. 195 e o inciso IV do §7º do art. 201 da Constituição Federal, acrescidos pelo art. 1º da Proposta de Emenda à Constituição nº 6, de 2019; o §3º do art. 22 e o art. 35 da Proposta de Emenda à Constituição nº 6, de 2019."
"116",2205662,"https://dadosabertos.camara.leg.br/api/v2/proposicoes/2205662","EMC","130","116","2019","Reenquadra os garimpeiros como segurados especiais no texto da Constituição Federal, assegurando a eles direitos previdenciários."
"117",2205684,"https://dadosabertos.camara.leg.br/api/v2/proposicoes/2205684","EMC","130","117","2019","MODIFICA O SISTEMA DE PREVIDÊNCIA SOCIAL, ESTABELECE REGRAS DE TRANSIÇÃO E DISPOSIÇÕES TRANSITÓRIAS, E DÁ OUTRAS PROVIDÊNCIAS"
"118",2205692,"https://dadosabertos.camara.leg.br/api/v2/proposicoes/2205692","EMC","130","118","2019","""Modifica o sistema de previdência social, estabelece regras de transição e disposições transitórias, e dá outras providências"""
"119",2205698,"https://dadosabertos.camara.leg.br/api/v2/proposicoes/2205698","EMC","130","119","2019","Visa excluir as alterações no regime jurídico previdenciário dos trabalhadores rurais que exerçam suas atividades em regime de economia familiar."
"120",2205700,"https://dadosabertos.camara.leg.br/api/v2/proposicoes/2205700","EMC","130","120","2019","Altera o art. 1º da Proposta de Emenda à Constituição nº 6, de 2019, para dar nova redação ao §8ºB do art. 195, acrescido à Constituição Federal, e para dar nova redação ao inc. I do art. 24 da Proposta de Emenda à Constituição nº 6, de 2019."
"121",2205701,"https://dadosabertos.camara.leg.br/api/v2/proposicoes/2205701","EMC","130","121","2019","Acrescente-se artigo, onde couber, à PEC nº 6, de 2019, renumerando-se os demais, alterando a com a seguinte redação: Os incisos I e III do art. 7º e 239 da Constituição Federal passam a ter a seguinte redação? renumerando o parágrafo único do art. 7º para §1º? adiciona-se o seguinte §§2º, 3º, 4º e 5º ao art. 7º? o seguinte §2º-A ao art. 195? os seguintes §§ 14, 15 e 16 ao art. 201; o seguinte parágrafo único e inciso VI ao art. 203 e revoga-se os parágrafos do art. 239."
"122",2205702,"https://dadosabertos.camara.leg.br/api/v2/proposicoes/2205702","EMC","130","122","2019","Suprime-se a alteração ao § 11 do art. 195 da CF, implementada pela PEC nº 06, de 2019 que ""modifica    o    sistema    de    previdência social,  estabelece  regras  de  transição  e disposições   transitórias,   e   dá   outras providências"""
"123",2205705,"https://dadosabertos.camara.leg.br/api/v2/proposicoes/2205705","EMC","130","123","2019","Inclui Capítulo VI, que trata das disposições transitórias relacionadas ao Regime Geral de Previdência Social, da Proposta de Emenda Constitucional nº 6, de 2019."
"124",2205707,"https://dadosabertos.camara.leg.br/api/v2/proposicoes/2205707","EMC","130","124","2019","Altera o art. 11 da Proposta de Emenda à Constituição nº 6, de 2019, que dispõe sobre o sistema de previdência social, estabelece regras de transição e disposições transitórias, e dá outras providências."
"125",2205711,"https://dadosabertos.camara.leg.br/api/v2/proposicoes/2205711","EMC","130","125","2019","Acrescenta ao art. 195 da Constituição Federal, alterado pelo art. 1º da PEC nº 6, de 2019, o §16."
"126",2205720,"https://dadosabertos.camara.leg.br/api/v2/proposicoes/2205720","EMC","130","126","2019","Altera o art. 8º, §1º, incisos II e III, suprime o atual inciso III, do art. 8º, § 1º,  renumera o seu atual inciso IV,  para inciso III, altera o art. 8º, § 2º, suprime o parágrafo 9º, do art. 12, bem como suprime os incisos III e V do parágrafo 10 do Art. 12, todos da PEC 06/2019, que modifica o sistema de previdência social, estabelece regras de transição e disposições transitórias, e dá outras providências"
"127",2205723,"https://dadosabertos.camara.leg.br/api/v2/proposicoes/2205723","EMC","130","127","2019","Acrescenta ao art. 3º - A, no capítulo III, atinente às regras opcionais de transição relacionadas aos regimes próprios de previdência social."
"128",2205727,"https://dadosabertos.camara.leg.br/api/v2/proposicoes/2205727","EMC","130","128","2019","Altera a Proposta de Emenda à Constituição n° 06, de 2019."
"129",2205728,"https://dadosabertos.camara.leg.br/api/v2/proposicoes/2205728","EMC","130","129","2019","Modifica na PEC 6/2019 dispositivos relacionados a capacidade arrecadatória do estado."
"130",2205731,"https://dadosabertos.camara.leg.br/api/v2/proposicoes/2205731","EMC","130","130","2019","Altera a Proposta de Emenda à Constituição nº 6 de 2019 de modo a modificar o sistema tributário e de previdência social."
"131",2205732,"https://dadosabertos.camara.leg.br/api/v2/proposicoes/2205732","EMC","130","131","2019","Altera a Proposta de Emenda à Constituição nº 06 de 2019 - Reforma da Previdência, de modo a revogar o Novo Regime Fiscal no âmbito dos Orçamentos Fiscal e da Seguridade Social da União, estabelecido pela Emenda Constitucional nº 95 de 2016 (teto dos gastos)."
"132",2205733,"https://dadosabertos.camara.leg.br/api/v2/proposicoes/2205733","EMC","130","132","2019","Modifica na PEC 06/2019 dispositivos relacionados ao aumento da participação popular por meio da proposta de referendo."
"133",2205734,"https://dadosabertos.camara.leg.br/api/v2/proposicoes/2205734","EMC","130","133","2019","Modifica o sistema de previdência social, estabelece regras de transição e disposições transitórias, e dá outras providências."
"134",2205737,"https://dadosabertos.camara.leg.br/api/v2/proposicoes/2205737","EMC","130","134","2019","Modifica o sistema de previdência social, estabelece regras de transição e disposições transitórias, e dá outras providências."
"135",2205740,"https://dadosabertos.camara.leg.br/api/v2/proposicoes/2205740","EMC","130","135","2019","Modifica o sistema de previdência social, estabelece regras de transição e disposições transitórias, e dá outras providências."
"136",2205741,"https://dadosabertos.camara.leg.br/api/v2/proposicoes/2205741","EMC","130","136","2019","Modifica o sistema de previdência social, estabelece regras de transição e disposições transitórias, e dá outras providências."
"137",2205742,"https://dadosabertos.camara.leg.br/api/v2/proposicoes/2205742","EMC","130","137","2019","Modifica o sistema de previdência social, estabelece regras de transição e disposições transitórias, e dá outras providências."
"138",2205743,"https://dadosabertos.camara.leg.br/api/v2/proposicoes/2205743","EMC","130","138","2019","Altera o art. 11 da PEC 6/2019, que trata de regimes especiais para mandatários, para harmonizá-lo às regras propostas para o RGPS."
"139",2205744,"https://dadosabertos.camara.leg.br/api/v2/proposicoes/2205744","EMC","130","139","2019","Altera art. 41 da PEC 6/2019 para possibilitar que o beneficiário tenha direito de escolher entre dois mecanismos de BPC: 65 anos recebendo salário-mínimo ou 60 anos, recebendo parcela do salário-mínimo."
"140",2205745,"https://dadosabertos.camara.leg.br/api/v2/proposicoes/2205745","EMC","130","140","2019","Art. 1º O § 3º do artigo 28 da Proposta de Emenda Constituição nº 06, de 2019, que passa a vigorar com a seguinte redação:"
"141",2205747,"https://dadosabertos.camara.leg.br/api/v2/proposicoes/2205747","EMC","130","141","2019","Modifica o sistema de previdência social, estabelece regras de transição e disposições transitórias, e dá outras providências."
"142",2205751,"https://dadosabertos.camara.leg.br/api/v2/proposicoes/2205751","EMC","130","142","2019","Suprimam-se as alterações ao art. 203 da Constituição, promovidas pelo art. 1º da Proposta de Emenda à Constituição nº 6, de 2019, e, em decorrência, suprimam-se os arts. 40, 41 e 42 da PEC; e inclua-se, no art. 1º da Proposta de Emenda à Constituição nº 6, de 2019, nas partes que promovem alterações nos arts. 40, art. 201 e art. 203 do corpo permanente da Constituição, os seguintes dispositivos, sem prejuízo de outras adequações ou ajustes necessários nos demais dispositivos da proposta"
"143",2205752,"https://dadosabertos.camara.leg.br/api/v2/proposicoes/2205752","EMC","130","143","2019","Suprima-se o inc. V do caput do art. 201, mencionado no art. 1º da Proposta de Emenda à Constituição n° 6, de 2019, e dê-se a seguinte redação aos art. 12 e 30."
"144",2205759,"https://dadosabertos.camara.leg.br/api/v2/proposicoes/2205759","EMC","130","144","2019","Modifica o sistema de previdência social, estabelece regras de transição e disposições transitórias, e dá outras providências."
"145",2205762,"https://dadosabertos.camara.leg.br/api/v2/proposicoes/2205762","EMC","130","145","2019","Art. 1º Acrescente-se ao art. 1º da Proposta de Emenda à Constituição nº 6, de 2019, a seguinte redação; Art. 2º Dê-se aos art. 4º, art.  5º, e  art. 17 da Proposta de Emenda à Constituição nº 6, de 2019, a seguinte redação;  Art. 3º  acrescente-se à Proposta de Emenda à Constituição nº 6/2019, a seguinte redação; Art. 4º Suprima-se os números 2 e 3 da letra e inciso I do § 1º do art. 40, alterado pelo art.1º,  e os incisos II e III do § 4º do art. 12 da Proposta de Emenda à Constituição nº 6 de 2019, renumerando os demais."
"146",2205763,"https://dadosabertos.camara.leg.br/api/v2/proposicoes/2205763","EMC","130","146","2019","Modifica o sistema de previdência social, estabelece regras de transição e disposições transitórias, e dá outras providências."
"147",2205764,"https://dadosabertos.camara.leg.br/api/v2/proposicoes/2205764","EMC","130","147","2019","APOSENTADORIA ESPECIAL DOS VIGILANTES BRASILEIROS. Modifica o artº 201 da CF/88, assim como os artº 21 e 25 da PEC 06/2019, para dispor sobre as regras de aposentadoria especiais."
"148",2205765,"https://dadosabertos.camara.leg.br/api/v2/proposicoes/2205765","EMC","130","148","2019","Inclui Comissários da Infância e da Juventude, Assistentes Sociais Judiciais e Psicólogos Judiciais entre os beneficiários de aposentadoria especial."
"149",2205766,"https://dadosabertos.camara.leg.br/api/v2/proposicoes/2205766","EMC","130","149","2019","Modifica o sistema de previdência social, estabelece regras de transição e disposições transitórias, e dá outras providências."
"150",2205767,"https://dadosabertos.camara.leg.br/api/v2/proposicoes/2205767","EMC","130","150","2019","Modifica o sistema de previdência social, estabelece regras de transição e disposições transitórias, e dá outras providências."
"151",2205778,"https://dadosabertos.camara.leg.br/api/v2/proposicoes/2205778","EMC","130","151","2019","Emenda Modiificativa que altera as condições para a aposentadoria de deficientes físicos, descritas na PEC nº 06/2019."
"152",2205779,"https://dadosabertos.camara.leg.br/api/v2/proposicoes/2205779","EMC","130","152","2019","Estabelece que os Estados, o Distrito Federal e os Municípios deverão aprovar regras próprias de transição dos seus regimes próprios de previdência social para os servidores ativos, aposentados e pensionistas."
"153",2205780,"https://dadosabertos.camara.leg.br/api/v2/proposicoes/2205780","EMC","130","153","2019","Retira as alterações referentes ao Benefício de Prestação Continuada - BPC da Proposta de Emenda à Constituição nº 6/2019."
"154",2205783,"https://dadosabertos.camara.leg.br/api/v2/proposicoes/2205783","EMC","130","154","2019","Revoga artigos que tratam da desconstitucionalização de assuntos previdenciários."
"155",2205785,"https://dadosabertos.camara.leg.br/api/v2/proposicoes/2205785","EMC","130","155","2019","Retira as alterações que afetam o trabalhador rural."
"156",2205786,"https://dadosabertos.camara.leg.br/api/v2/proposicoes/2205786","EMC","130","156","2019","Modifica regras para a compensação financeira entre regimes previdenciários."
"157",2205789,"https://dadosabertos.camara.leg.br/api/v2/proposicoes/2205789","EMC","130","157","2019","Modifica o sistema de previdência social, estabelece regras de transição e disposições transitórias, e dá outras providências."
"158",2205792,"https://dadosabertos.camara.leg.br/api/v2/proposicoes/2205792","EMC","130","158","2019","Modifica o sistema de previdência social, estabelece regras de transição e disposições transitórias, e dá outras providências."
"159",2205795,"https://dadosabertos.camara.leg.br/api/v2/proposicoes/2205795","EMC","130","159","2019","Modifica o sistema de previdência social, estabelece regras de transição e disposições transitórias, e dá outras providências."
"160",2205799,"https://dadosabertos.camara.leg.br/api/v2/proposicoes/2205799","EMC","130","160","2019","O objetivo desta emenda é impedir as alterações na aposentadoria rural propostas pela PEC nº 6/2019, mantendo as atuais regras de idade mínima, de tempo de contribuição e de comprovação de exercício da atividade rural"
"161",2205802,"https://dadosabertos.camara.leg.br/api/v2/proposicoes/2205802","EMC","130","161","2019","Modifica o sistema de previdência social, estabelece regras de transição e disposições transitórias, e dá outras providências."
"162",2205809,"https://dadosabertos.camara.leg.br/api/v2/proposicoes/2205809","EMC","130","162","2019","Modifica o sistema de previdência social, estabelece regras de transição e disposições transitórias, e dá outras providências."
"163",2205812,"https://dadosabertos.camara.leg.br/api/v2/proposicoes/2205812","EMC","130","163","2019","Modifica o sistema de previdência social, estabelece regras de transição e disposições transitórias, e dá outras providências."
"164",2205814,"https://dadosabertos.camara.leg.br/api/v2/proposicoes/2205814","EMC","130","164","2019","Modifica o sistema de previdência social, estabelece regras de transição e disposições transitórias, e dá outras providências."
"165",2205815,"https://dadosabertos.camara.leg.br/api/v2/proposicoes/2205815","EMC","130","165","2019","Modifica o sistema de previdência social, estabelece regras de transição e disposições transitórias, e dá outras providências."
"166",2205816,"https://dadosabertos.camara.leg.br/api/v2/proposicoes/2205816","EMC","130","166","2019","Modifica o sistema de previdência social, estabelece regras de transição e disposições transitórias, e dá outras providências."
"167",2205818,"https://dadosabertos.camara.leg.br/api/v2/proposicoes/2205818","EMC","130","167","2019","Modifica o sistema de previdência social, estabelece regras de transição e disposições transitórias, e dá outras providências."
"168",2205821,"https://dadosabertos.camara.leg.br/api/v2/proposicoes/2205821","EMC","130","168","2019","Modifica o sistema de previdência social, estabelece regras de transição e disposições transitórias, e dá outras providências."
"169",2205822,"https://dadosabertos.camara.leg.br/api/v2/proposicoes/2205822","EMC","130","169","2019","Modifica o sistema de previdência social, estabelece regras de transição e disposições transitórias, e dá outras providências."
"170",2205830,"https://dadosabertos.camara.leg.br/api/v2/proposicoes/2205830","EMC","130","170","2019","Altera o art. 40, § 15, da Constituição e inclui o art. 3º-A na Proposta de Emenda Constitucional n. 6/2019."
"171",2205832,"https://dadosabertos.camara.leg.br/api/v2/proposicoes/2205832","EMC","130","171","2019","Modifica o sistema de previdência social, estabelece regras de transição e disposições transitórias, e dá outras providências."
"172",2205836,"https://dadosabertos.camara.leg.br/api/v2/proposicoes/2205836","EMC","130","172","2019","Modifica o sistema de previdência social, estabelece regras de transição e disposições transitórias, e dá outras providências."
"173",2205839,"https://dadosabertos.camara.leg.br/api/v2/proposicoes/2205839","EMC","130","173","2019","Modifica o sistema de previdência social, estabelece regras de transição e disposições transitórias, e dá outras providências."
"174",2205842,"https://dadosabertos.camara.leg.br/api/v2/proposicoes/2205842","EMC","130","174","2019","Modifica o sistema de previdência social, estabelece regras de transição e disposições transitórias, e dá outras providências."
"175",2205850,"https://dadosabertos.camara.leg.br/api/v2/proposicoes/2205850","EMC","130","175","2019","Modifica o sistema de previdência social, estabelece regras de transição e disposições transitórias, e dá outras providências."
"176",2205853,"https://dadosabertos.camara.leg.br/api/v2/proposicoes/2205853","EMC","130","176","2019","Altera a PEC nº 6 de 2019 para suprimir do texto a matéria relativa à aposentadoria de professores, conservando as atuais regras de aposentadoria dessa classe."
"177",2205858,"https://dadosabertos.camara.leg.br/api/v2/proposicoes/2205858","EMC","130","177","2019","Modifica o sistema de previdência social, define os parâmetros do Sistema de Capitalização Intergeracional - Capitalização Solidária, estabelece regras de transição e disposições transitórias, e dá outras providências."
"178",2205861,"https://dadosabertos.camara.leg.br/api/v2/proposicoes/2205861","EMC","130","178","2019","O art. 1º da Proposta de Emenda à Constituição nº 6, de 2019, passa a ter a seguinte redação:"
"179",2205863,"https://dadosabertos.camara.leg.br/api/v2/proposicoes/2205863","EMC","130","179","2019","Acrescenta artigo à PEC 06/2019 para incluir na regra de transição os magistrados, que integram os tribunais, oriundos do quinto constitucional e os magistrados que integram os tribunais superiores, oriundos da advocacia ou do ministério público, que ingressaram entre a presente data e data posterior às das Emendas Constitucionais nº 20, de 15 de dezembro de 1998 e nº 41, de 19 de dezembro de 2003."
"180",2205864,"https://dadosabertos.camara.leg.br/api/v2/proposicoes/2205864","EMC","130","180","2019","Suprima-se os incisos V, VI, VII e VIII do §1º; os §2º e §3º; dê-se nova redação ao §4º com a supressão da expressão ""com a redução ou a majoração a que se refere o § 1º"", todos do artigo 14 da Proposta de Emenda à Constituição nº 06, de 2019, com as alterações de sequência dos demais parágrafos:
                        Art. 14 ...........................................................................................
§1º ............................................................................................"
"181",2205866,"https://dadosabertos.camara.leg.br/api/v2/proposicoes/2205866","EMC","130","181","2019","Suprima-se o §1º da Proposta de Emenda à Constituição nº 06, de 2019, com as alterações de sequência dos demais parágrafos:
Art. 4º ...........................................................................................
§1º ............................................................................................"
"182",2205875,"https://dadosabertos.camara.leg.br/api/v2/proposicoes/2205875","EMC","130","182","2019","Modifica o sistema de previdência social, estabelece regras de transição e disposições transitórias, e dá outras providências.
Suprima-se a expressão ""e de qualquer natureza"" do art. 195, inciso I, alínea ""a""."
"183",2205876,"https://dadosabertos.camara.leg.br/api/v2/proposicoes/2205876","EMC","130","183","2019","Modifica a Proposta de Emenda à Constituição 6/19 no âmbito do sistema de previdência e seguridade social do professor"
"184",2205877,"https://dadosabertos.camara.leg.br/api/v2/proposicoes/2205877","EMC","130","184","2019","Modifica o sistema de previdência social, estabelece regras de transição e disposições transitórias, e dá outras previdências."
"185",2205878,"https://dadosabertos.camara.leg.br/api/v2/proposicoes/2205878","EMC","130","185","2019","Modifica o sistema de previdência social, estabelece regras de transição e disposições transitórias, e dá outras previdências."
"186",2205880,"https://dadosabertos.camara.leg.br/api/v2/proposicoes/2205880","EMC","130","186","2019","Modifica o sistema de previdência social, estabelece regras de transição e disposições transitórias, e dá outras providências."
"187",2205882,"https://dadosabertos.camara.leg.br/api/v2/proposicoes/2205882","EMC","130","187","2019","Suprime modificações promovidas no Benefício de Prestação Continuada - BPC e as alterações relacionadas aos Trabalhadores Rurais, alterando arts. 22, 24 e 203 da Constituição."
"188",2205885,"https://dadosabertos.camara.leg.br/api/v2/proposicoes/2205885","EMC","130","188","2019","Adicione-se ao texto da Proposta de Emenda à Constituição nº 6, de 2019, os seguintes dispositivos:
""Art. 37...

II-A - O estabelecimento de limite de idade para inscrição em concurso público apenas é legítimo quando justificado pela natureza das atribuições do cargo a ser preenchido.
............"" (NR)

""Art. 195......

§ 9º-A. A lei complementar a que se refere o §1º do art. 201 fixará desconto na alíquota da contribuição social prevista na alínea a do inciso I do caput deste artigo em relação ao empregado cuja idade seja inferior em até dez anos à idade mínima exigida para a aposentadoria e estabelecerá critérios para a dedução de despesas com capacitação dos empregados desta faixa etária da base de cálculo da mesma contribuição social.

....."" (NR)"
"189",2205886,"https://dadosabertos.camara.leg.br/api/v2/proposicoes/2205886","EMC","130","189","2019","Suprime da PEC 6, de 2019, dispositivos relacionados à desconstitucionalização das regras previdenciárias e os relacionados ao novo regime de capitalização e determina a realização de referendo sobre as modificações na contida."
"190",2205887,"https://dadosabertos.camara.leg.br/api/v2/proposicoes/2205887","EMC","130","190","2019","Suprime da PEC 6/2019 dispositivos relacionados à previdência do trabalhador rural, aos benefícios assistenciais e ao benefício do Abono Salarial."
"191",2205892,"https://dadosabertos.camara.leg.br/api/v2/proposicoes/2205892","EMC","130","191","2019","Modifica dispositivos da PEC 6, de 2019, que prejudicam as trabalhadoras."
"192",2205893,"https://dadosabertos.camara.leg.br/api/v2/proposicoes/2205893","EMC","130","192","2019","Altera dispositivos da PEC 6/2019 relacionados com a aposentadoria dos professores de educação infantil, ensino fundamental e médio."
"193",2205894,"https://dadosabertos.camara.leg.br/api/v2/proposicoes/2205894","EMC","130","193","2019","Modifica o art. 54 do do Ato das Disposições Constitucionais Transitórias para conceder gratificação natalina aos seringueiros recrutados nos termos do Decreto-Lei nº 5.813, de 14 de setembro de 1943."
"194",2205895,"https://dadosabertos.camara.leg.br/api/v2/proposicoes/2205895","EMC","130","194","2019","Modifica na PEC 6/2019  dispositivos relacionados ao cálculo de benefícios, à carência de 20 anos e à regra de majoração permanente da idade mínima."
"195",2205899,"https://dadosabertos.camara.leg.br/api/v2/proposicoes/2205899","EMC","130","195","2019","Modifica o sistema de previdência social, estabelece regras de transição e disposições transitórias, e dá outras providências"
"196",2205900,"https://dadosabertos.camara.leg.br/api/v2/proposicoes/2205900","EMC","130","196","2019","Altera dispositivos relativos ao sistema previdenciário de Capitalização."
"197",2205907,"https://dadosabertos.camara.leg.br/api/v2/proposicoes/2205907","EMC","130","197","2019","Com o objetivo de adotar uma regra de transição unificada para servidores públicos civis do regime próprio de previdência social e segurados do regime geral de previdência social, modifique-se a redação do inciso V do art. 3º e o inciso II do art. 18, ambos da Proposta de Emenda à Constituição (PEC) nº 6, de 2019, e, em decorrência, suprimam-se os §§ 2º e 3º do art. 3º e os §§ 1º e 2º do art. 18 da referida PEC."
"198",2205912,"https://dadosabertos.camara.leg.br/api/v2/proposicoes/2205912","EMC","130","198","2019","Suprima-se do art. 1º da Proposta de Emenda à Constituição nº 6, de 2019, a alteração do § 5º do art. 195 da Constituição."
"199",2205913,"https://dadosabertos.camara.leg.br/api/v2/proposicoes/2205913","EMC","130","199","2019","Dê-se ao § 5º do art. 195 alterado pelo art. 1º da Proposta de Emenda à Constituição nº 6, de 2019, a seguinte redação:
""Art. 1º .........................................................................................
......................................................................................................
Art. 195.........................................................................................
......................................................................................................
§ 5º Nenhum benefício ou serviço da seguridade social poderá ser criado, majorado ou estendido por ato administrativo ou lei, sem a correspondente fonte de custeio total.
............................................................................................"" (NR)"
"200",2205914,"https://dadosabertos.camara.leg.br/api/v2/proposicoes/2205914","EMC","130","200","2019","Regulamenta a acumulação de proventos de aposentadoria do Regime Geral de Previdência Social e a remuneração de emprego público."
"201",2205915,"https://dadosabertos.camara.leg.br/api/v2/proposicoes/2205915","EMC","130","201","2019","Equipara consórcio público a ente da federação para efeito de execução da lei orçamentária"
"202",2205916,"https://dadosabertos.camara.leg.br/api/v2/proposicoes/2205916","EMC","130","202","2019","Modifique-se os §§ 3º, 4º, 5º e 6º, bem como acrescente-se novo § 7º, todos do art. 4º da PEC 6/2019, nos termos a seguir delineados"
"203",2205917,"https://dadosabertos.camara.leg.br/api/v2/proposicoes/2205917","EMC","130","203","2019","Modifica o sistema de previdência social, estabele regras de transição e disposições transitórias, e dá outras providências."
"204",2205918,"https://dadosabertos.camara.leg.br/api/v2/proposicoes/2205918","EMC","130","204","2019","Modifica o sistema de previdência social, estabelece regras de transição e disposições transitórias, e dá outras providências."
"205",2205919,"https://dadosabertos.camara.leg.br/api/v2/proposicoes/2205919","EMC","130","205","2019","Modifica o sistema de previdência social, estabelece regras de transição e disposições transitórias, e dá outras providências."
"206",2205920,"https://dadosabertos.camara.leg.br/api/v2/proposicoes/2205920","EMC","130","206","2019","Modifica a PEC 06/2019 nos artigos 201 do art. 1º, Art. 21 e art. 25 para manter a possibilidade de aposentadoria para agentes patrimoniais"
"207",2205921,"https://dadosabertos.camara.leg.br/api/v2/proposicoes/2205921","EMC","130","207","2019","Modifica a PEC 06/2019 nos artigos 201 do art. 1º, Art. 21 e art. 25 para manter a possibilidade de aposentadoria especial por periculosidade para os profissionais eletricitários."
"208",2205922,"https://dadosabertos.camara.leg.br/api/v2/proposicoes/2205922","EMC","130","208","2019","Modifica o sistema de previdência social, estabelece regras de transição e disposições transitórias, e dá outras providências"
"209",2205923,"https://dadosabertos.camara.leg.br/api/v2/proposicoes/2205923","EMC","130","209","2019","Modifica o sistema de previdência social, estabelece regras de transição e disposições transitórias, e dá outras providências."
"210",2205924,"https://dadosabertos.camara.leg.br/api/v2/proposicoes/2205924","EMC","130","210","2019","Prevê a concessão de aposentadoria por condição especial de trabalho para os motoristas de transporte rodoviário de passageiros e de cargas, cobradores e agentes de bordo."
"211",2205926,"https://dadosabertos.camara.leg.br/api/v2/proposicoes/2205926","EMC","130","211","2019","Altera os arts. 37, 38, 39, 40, 42, 149, 195, 201, 203 da Constituição, para dispor sobre a seguridade social, estabelece regras de transição e dá outras providências."
"212",2205929,"https://dadosabertos.camara.leg.br/api/v2/proposicoes/2205929","EMC","130","212","2019","Acrescenta ao art. 40 alterado pelo art. 1ª da Proposta de Emenda à Constituição nº 06, de 2019 os parágrafos 18 e 19, altera a redação do § 7º do artigo 6º, do § 5º do art. 12 e altera a redação do § 2º do artigo 25, incluídos na Proposta de Emenda à Constituição nº 06, de 2019 conforme textos abaixo:"
"213",2205930,"https://dadosabertos.camara.leg.br/api/v2/proposicoes/2205930","EMC","130","213","2019","Modifica o sistema de previdência social, estabelece regras de transição e disposições transitórias, e dá outras providências."
"214",2205931,"https://dadosabertos.camara.leg.br/api/v2/proposicoes/2205931","EMC","130","214","2019","Modifica o sistema de previdência social, estabelece regras de transição e disposições transitórias, e dá outras providências"
"215",2205932,"https://dadosabertos.camara.leg.br/api/v2/proposicoes/2205932","EMC","130","215","2019","Emenda ao inciso III do art. 3º, ao inciso II do art. 6º e ao inciso II do art. 7º da PEC 6/2019."
"216",2205933,"https://dadosabertos.camara.leg.br/api/v2/proposicoes/2205933","EMC","130","216","2019","Modifica a redação da Proposta de Emenda à Constituição nº 6/2019 para tornar mais justas as regras de cálculo e de acumulação da pensão por morte, e dá outras providências."
"217",2205934,"https://dadosabertos.camara.leg.br/api/v2/proposicoes/2205934","EMC","130","217","2019","Altera a redação da Proposta de Emenda à Constituição nº 6/2019 para regressar ao texto constitucional a menção expressa à proteção à maternidade."
"218",2205935,"https://dadosabertos.camara.leg.br/api/v2/proposicoes/2205935","EMC","130","218","2019","Altera a redação da Proposta de Emenda à Constituição nº 6/2019 para suprimir as alterações feitas ao abono salarial."
"219",2205936,"https://dadosabertos.camara.leg.br/api/v2/proposicoes/2205936","EMC","130","219","2019","Altera a redação da Proposta de Emenda à Constituição nº 6/2019 para constitucionalizar a aposentadoria do Regime Geral de Previdência Social mantendo a adoção de requisitos, critérios e fórmulas de cálculo diferenciados para concessão de aposentadoria a mulheres, professores e trabalhadores rurais."
"220",2205937,"https://dadosabertos.camara.leg.br/api/v2/proposicoes/2205937","EMC","130","220","2019","Modifica o sistema de previdência social, estabelece regras de transição e disposições transitórias, e dá outras providências."
"221",2205938,"https://dadosabertos.camara.leg.br/api/v2/proposicoes/2205938","EMC","130","221","2019","Esta emenda flexibiliza a regra de transição aos policiais propondo o cumprimento de período adicional correspondente a cinquenta por cento do tempo de contribuição faltante na data de promulgação da Emenda à Constituição. A regra de transição proposta nesta emenda alcança ambos os sexos."
"222",2205939,"https://dadosabertos.camara.leg.br/api/v2/proposicoes/2205939","EMC","130","222","2019","Alterem-se o inciso VI do art. 203 da Constituição da República, alterado pelo art. 1º da PEC nº 6 de 2019, bem como o art. 41 da PEC nº 6 de 2019"
"223",2205941,"https://dadosabertos.camara.leg.br/api/v2/proposicoes/2205941","EMC","130","223","2019","Altere-se a redação o inciso I do art. 42 da PEC nº 6 de 2019"
"224",2205942,"https://dadosabertos.camara.leg.br/api/v2/proposicoes/2205942","EMC","130","224","2019","Modifica o sistema de previdência social, estabelece regras de transição e disposições transitórias, e dá outras providências."
"225",2205943,"https://dadosabertos.camara.leg.br/api/v2/proposicoes/2205943","EMC","130","225","2019","Modifica o sistema de previdência social, estabelece regras de transição e disposições transitórias, e dá outras providências."
"226",2205944,"https://dadosabertos.camara.leg.br/api/v2/proposicoes/2205944","EMC","130","226","2019","Suprima-se, da PEC nº 6 de 2019, o §5º do art. 3º, o inciso I do §4º do art. 12, o §3º do art. 18, o §2º do art. 19 e o §1º do art. 24.
Modifique-se o inciso I do §7º do art. 3º, o §3º do art. 12, o caput do art. 24, a letra ""a"" do inciso II do art. 46 e a letra ""a"" do inciso III do art. 46."
"227",2205945,"https://dadosabertos.camara.leg.br/api/v2/proposicoes/2205945","EMC","130","227","2019","Suprimam-se: 
I - os §§8º, 8º-A e 8º-B do art. 195 da Constituição da República, alterado pelo art. 1º da PEC nº 6 de 2019;
II - o inciso IV do §7º do art. 201 da Constituição da República, alterado pelo art. 1º da PEC nº 6 de 2019;
III - o §3º do art. 22 da PEC nº 6 de 2019;
IV - o parágrafo único do art. 31 da PEC nº 6 de 2019;
V - o art. 35 da PEC nº 6 de 2019
Modifique-se o art. 24 da PEC nº 6 de 2019, para que passe a constar a seguinte redação:
Art. 24 
I - sessenta e dois anos de idade, se mulher, e sessenta e cinco anos de idade, se homem; ressalvados os trabalhadores rurais, que deverão contar com cinquenta e cinco anos de idade, se mulher, e sessenta anos de idade, se homem, inclusive aqueles a que se refere o § 8º do art. 195 da Constituição; e
II - vinte anos de tempo de contribuição; ressalvados os trabalhadores rurais, que deverão contar com quinze anos de tempo de contribuição."
"228",2205946,"https://dadosabertos.camara.leg.br/api/v2/proposicoes/2205946","EMC","130","228","2019","Altera a Proposta de Emenda à Constituição nº 6, de 2019, para devolver ao texto da Constituição Federal as regras previdenciárias, com exclusão da capitalização e das regras de transição."
"229",2205947,"https://dadosabertos.camara.leg.br/api/v2/proposicoes/2205947","EMC","130","229","2019","Suprime do artigo 1º da Proposta de Emenda à Constituição nº 6/2019 a redação dada ao artigo 203 da Constituição Federal e, por consequência, os artigos 40, 41 e 42 da proposta, relativos ao benefício da assistência social à pessoa portadora de deficiência e ao idoso que dele necessitar."
"230",2205948,"https://dadosabertos.camara.leg.br/api/v2/proposicoes/2205948","EMC","130","230","2019","Suprime do artigo 1º da Proposta de Emenda à Constituição nº 6/2019 a redação dada ao § 6º do artigo 40 e ao artigo 201-A da Constituição Federal e, por consequência, o artigo 115 do Ato das Disposições Constitucionais Transitórias, com redação dada pelo artigo 2º da proposta, relativamente à instituição de novo regime de previdência social, organizado com base em sistema de capitalização individual."
"231",2205949,"https://dadosabertos.camara.leg.br/api/v2/proposicoes/2205949","EMC","130","231","2019","Suprime do artigo 1º da Proposta de Emenda à Constituição nº 6/2019 a redação dada aos §§ 3º, 3º-A e 3º-B do artigo 239 da Constituição Federal, relativos à alteração nas regras de acesso e no valor do abono salarial anual."
"232",2205950,"https://dadosabertos.camara.leg.br/api/v2/proposicoes/2205950","EMC","130","232","2019","Restaura as regras constitucionais da aposentadoria de professoras e professores da educação básica."
"233",2205951,"https://dadosabertos.camara.leg.br/api/v2/proposicoes/2205951","EMC","130","233","2019","Suprime dispositivos relativos às regras de idade, tempo mínimo de contribuição e valores de benefícios, além do § 5º do art. 195 da PEC 6/2019, que cerceia o acesso à justiça."
"234",2205952,"https://dadosabertos.camara.leg.br/api/v2/proposicoes/2205952","EMC","130","234","2019","Visa restabelecer os direitos da seguridade ao trabalhador rural, individual e avulso ,e ao segurado especial, bem como garantir, quanto à previdência social, seus atributos redistributivos e de combate à pobreza e à miséria ."
"235",2205953,"https://dadosabertos.camara.leg.br/api/v2/proposicoes/2205953","EMC","130","235","2019","Condiciona o início da vigência da Emenda Constitucional à sua aprovação em referendo popular."
"236",2205954,"https://dadosabertos.camara.leg.br/api/v2/proposicoes/2205954","EMC","130","236","2019","Propõe alteração dos requisitos para aposentadoria voluntária, em todos os regimes, restabelecendo a fórmula instituída pela Emenda Constitucional nº 47, de 2005."
"237",2205955,"https://dadosabertos.camara.leg.br/api/v2/proposicoes/2205955","EMC","130","237","2019","Modifica o Sistema de Previdência Social, estabelece regras de transição e disposições transitórias e dá outras providências."
"238",2205956,"https://dadosabertos.camara.leg.br/api/v2/proposicoes/2205956","EMC","130","238","2019","Altera a redação dos arts. 1º, 22 e 24, da Proposta de Emenda à Constituição nº 6, de 2019, do Poder Executivo, bem como suprime o § 8º-B do art. 195 e o inciso IV do § 7º do art. 201 da Constituição Federal, previstos no art. 1º da Proposta de Emenda à Constiução nº 6, de 2019, o §3º do art. 22, o parágrafo único do art. 31 e o art. 35, todos da Proposta de Emenda à Constituição nº 6, de 2019, do Poder Executivo, para tratar da Aposentadoria dos trabalhadores rurais."
"239",2205957,"https://dadosabertos.camara.leg.br/api/v2/proposicoes/2205957","EMC","130","239","2019","Modifica o sistema de previdência social, estabelece regras de transição e disposições transitórias, e dá outras providências."
"240",2205958,"https://dadosabertos.camara.leg.br/api/v2/proposicoes/2205958","EMC","130","240","2019","Modifica o sistema de previdência social, estabelece regras de transição e disposições transitórias, e dá outras providências."
"241",2205959,"https://dadosabertos.camara.leg.br/api/v2/proposicoes/2205959","EMC","130","241","2019","Modifica o sistema de previdência social, estabelece regras de transição e disposições transitórias, e dá outras providências"
"242",2205960,"https://dadosabertos.camara.leg.br/api/v2/proposicoes/2205960","EMC","130","242","2019","Prevê a concessão de aposentadoria por condição especial de trabalho para os motoristas de transporte rodoviário de passageiros e de cargas, cobradores e agentes de bordo."
"243",2205961,"https://dadosabertos.camara.leg.br/api/v2/proposicoes/2205961","EMC","130","243","2019","Modifica o sistema de previdência social, estabelece regras de transição e disposições transitórias, e dá outras providências."
"244",2205962,"https://dadosabertos.camara.leg.br/api/v2/proposicoes/2205962","EMC","130","244","2019","Modifica o sistema de previdência social, estabelece regras de transição e disposições transitórias, e dá outras providências."
"245",2205964,"https://dadosabertos.camara.leg.br/api/v2/proposicoes/2205964","EMC","130","245","2019","Modifica o sistema de previdência social, estabelece regras de transição e disposições transitórias, e dá outras providências."
"246",2205965,"https://dadosabertos.camara.leg.br/api/v2/proposicoes/2205965","EMC","130","246","2019","Modifica o sistema de previdência social, estabelece regras de transição e disposições transitórias, e dá outras providências."
"247",2205966,"https://dadosabertos.camara.leg.br/api/v2/proposicoes/2205966","EMC","130","247","2019","Modifica o sistema de previdência social, estabelece regras para aposentadoria rural e benefício de prestação continuada."
"248",2205967,"https://dadosabertos.camara.leg.br/api/v2/proposicoes/2205967","EMC","130","248","2019","Modifica o sistema de previdência social, estabelece regras de transição e disposições transitórias, e dá outras providências."
"249",2205968,"https://dadosabertos.camara.leg.br/api/v2/proposicoes/2205968","EMC","130","249","2019","Modifica o sistema de previdência social, estabelece regras de transição e disposições transitórias, e dá outras providências."
"250",2205969,"https://dadosabertos.camara.leg.br/api/v2/proposicoes/2205969","EMC","130","250","2019","Modifica o sistema de previdência social, estabelece regras de transição e disposições transitórias, e dá outras providências."
"251",2205970,"https://dadosabertos.camara.leg.br/api/v2/proposicoes/2205970","EMC","130","251","2019","Estabelece novos parâmetros constitucionais para acesso à aposentadoria e impede a desconstitucionalização irrestrita do benefício."
"252",2205971,"https://dadosabertos.camara.leg.br/api/v2/proposicoes/2205971","EMC","130","252","2019","Modifica o sistema de previdência social, estabelece regras de transição e disposições transitórias, e dá outras providências."
"253",2205972,"https://dadosabertos.camara.leg.br/api/v2/proposicoes/2205972","EMC","130","253","2019","Modifica o sistema de previdência social, estabelece regras de transição e disposições transitórias, e dá outras providências."
"254",2205973,"https://dadosabertos.camara.leg.br/api/v2/proposicoes/2205973","EMC","130","254","2019","Modifica o sistema de previdência social, estabelece regras de transição e disposições transitórias, e dá outras providências."
"255",2205974,"https://dadosabertos.camara.leg.br/api/v2/proposicoes/2205974","EMC","130","255","2019","Modifica o sistema de previdência Social, estabelece regras de transição e Disposições transitórias, e dá outras
Providencias."
"256",2205975,"https://dadosabertos.camara.leg.br/api/v2/proposicoes/2205975","EMC","130","256","2019","Modifica o sistema de previdência social, estabelece regras de transição e disposições transitórias, e dá outras providências."
"257",2205976,"https://dadosabertos.camara.leg.br/api/v2/proposicoes/2205976","EMC","130","257","2019","Altera os arts. 40 e 201 da Constituição Federal, contidos no art. 1º da PEC, para reintroduzir na Constituição os requisitos para aposentadoria dos professores e, em decorrência, suprime as regras de transição e transitórias relativas aos professores"
"258",2205977,"https://dadosabertos.camara.leg.br/api/v2/proposicoes/2205977","EMC","130","258","2019","Acrescente-se o seguinte parágrafo ao art. 9º da Proposta de Emenda à Constituição nº 6, de 2019."
"259",2205978,"https://dadosabertos.camara.leg.br/api/v2/proposicoes/2205978","EMC","130","259","2019","Suprima-se a redação dada pelo art. 1º da Proposta de Emenda à Constituição (PEC) nº 6, de 2019, ao inciso XXI do art. 22 da Constituição Federal (CF), altere-se a redação dada pelo art. 1º da PEC nº 6, de 2019, ao art. 42 da CF, e altere-se o art. 17 da PEC nº 6, de 2019."
"260",2205979,"https://dadosabertos.camara.leg.br/api/v2/proposicoes/2205979","EMC","130","260","2019","Suprime dispositivos da PEC nº 6, de 2019, relacionados à aposentadoria dos servidores públicos policiais e às inatividades e pensões das polícias militares e dos corpos de bombeiros militares."
"261",2205980,"https://dadosabertos.camara.leg.br/api/v2/proposicoes/2205980","EMC","130","261","2019","Modifica dispositivos da PEC nº 6, de 2019, relacionados à aposentadoria dos professores."
"262",2205981,"https://dadosabertos.camara.leg.br/api/v2/proposicoes/2205981","EMC","130","262","2019","Modifica as regras de transição dos servidores públicos, alterando-se os § 2º e o inciso I do § 7º do art. 3º e o inciso I do § 4º do art. 6º, todos da PEC 6/2019."
"263",2205982,"https://dadosabertos.camara.leg.br/api/v2/proposicoes/2205982","EMC","130","263","2019","Altera as disposições sobre aposentadorias de professores, mantendo os requisitos de idade e tempo de contribuição vigentes, determina regras de transição e dá outras providências."
"264",2205983,"https://dadosabertos.camara.leg.br/api/v2/proposicoes/2205983","EMC","130","264","2019","Assegura a aposentadoria especial dos segurados que exerçam atividades sob condições especiais que efetivamente prejudiquem a saúde, com benefício proporcional à idade."
"265",2205984,"https://dadosabertos.camara.leg.br/api/v2/proposicoes/2205984","EMC","130","265","2019","Garante valor adicional a aposentadorias de mulheres com filhos, e valor adicional a mulheres que recebam até um salário mínimo na posição de cuidadoras."
"266",2205985,"https://dadosabertos.camara.leg.br/api/v2/proposicoes/2205985","EMC","130","266","2019","Supressão de todos os dispositivos da PEC 6/2019, que dizem respeito aos professores, mantendo-se, por conseguinte, as regras atuais."
"267",2205986,"https://dadosabertos.camara.leg.br/api/v2/proposicoes/2205986","EMC","130","267","2019","Modifica o sistema de previdência social, estabelece regras de transição e disposições transitórias, e dá outras providências."
"268",2205987,"https://dadosabertos.camara.leg.br/api/v2/proposicoes/2205987","EMC","130","268","2019","Institui o adicional de 25%, incidente sobre o valor do Benefício de Prestação Continuada da Assistência Social, garantido pelo art. 203 da Constituição Federal, para o idoso ou pessoa com deficiência que necessite de cuidados permanentes para a realização de atividades básicas da vida diária."
"269",2205988,"https://dadosabertos.camara.leg.br/api/v2/proposicoes/2205988","EMC","130","269","2019","Altera os artigos 1º, 41 e 42 da Proposta de Emenda à Constituição nº 06, de 2019."
"270",2205989,"https://dadosabertos.camara.leg.br/api/v2/proposicoes/2205989","EMC","130","270","2019","Art. 1º - O Art. 20 da proposta de Emenda à Constituição nº 06, de 2019 passa a vigorar com a seguinte redação""."
"271",2205990,"https://dadosabertos.camara.leg.br/api/v2/proposicoes/2205990","EMC","130","271","2019","EMENDAS REFERENTES: APOSENTADORIA ESPECIAL, REGRA DE TRANSIÇÃO NA APOSENTADORIA POR TEMPO DE CONTRIBUIÇÃO, APOSENTADORIA POR INCAPACIDADE PERMANENTE, ALTERAÇÃO NO CÁLCULO DA MÉDIA SALARIAL, REGRA DE CÁLCULO DOS BENEFÍCIOS, ALTERAÇÕES RELACIONADAS AOS REGIMES PRÓPRIOS DE PREVIDÊNCIA SOCIAL, APOSENTADORIA DO SERVIDOR COM DEFICIÊNCIA, REGRA DE TRANSIÇÃO PARA A APOSENTADORIA POR IDADE NO RPPS, SUPRESSÃO DAS ALTERAÇÕES RELACIONADAS AO BPC/LOAS"
"272",2205991,"https://dadosabertos.camara.leg.br/api/v2/proposicoes/2205991","EMC","130","272","2019","Inclui o § 11º no art. 3º, do Capítulo III da PEC 06, de 2019 - refere-se à regra de transição na aposentadoria voluntária por idade também no âmbito do serviço público"
"273",2205992,"https://dadosabertos.camara.leg.br/api/v2/proposicoes/2205992","EMC","130","273","2019","Modifica o sistema de previdência social, estabelece regras de transição e disposições transitórias, e dá outras providências."
"274",2205993,"https://dadosabertos.camara.leg.br/api/v2/proposicoes/2205993","EMC","130","274","2019","Modifica o sistema de previdência social, estabelece regras de transição e disposições transitórias, e dá outras providências."
"275",2205994,"https://dadosabertos.camara.leg.br/api/v2/proposicoes/2205994","EMC","130","275","2019","Modifica o sistema de previdência social, estabelece regras de transição e disposições transitórias, e dá outras providências."
"276",2205995,"https://dadosabertos.camara.leg.br/api/v2/proposicoes/2205995","EMC","130","276","2019","Modifica o sistema de previdência social, estabelece regras de transição e disposições transitórias, e dá outras providências."
"277",2205996,"https://dadosabertos.camara.leg.br/api/v2/proposicoes/2205996","EMC","130","277","2019","Emenda à PEC nº 06, de 2019, que ""Modifica o sistema de previdência social, estabelece regras de transição e disposições transitórias, e dá outras providências""."
"278",2211588,"https://dadosabertos.camara.leg.br/api/v2/proposicoes/2211588","EMA","608","1","2019",""
"279",2211592,"https://dadosabertos.camara.leg.br/api/v2/proposicoes/2211592","EMA","608","2","2019",""
"280",2211606,"https://dadosabertos.camara.leg.br/api/v2/proposicoes/2211606","EMA","608","3","2019",""
"281",2211612,"https://dadosabertos.camara.leg.br/api/v2/proposicoes/2211612","EMA","608","4","2019",""
"282",2211631,"https://dadosabertos.camara.leg.br/api/v2/proposicoes/2211631","EMA","608","5","2019",""
"283",2211700,"https://dadosabertos.camara.leg.br/api/v2/proposicoes/2211700","EMA","608","6","2019",""
"284",2211705,"https://dadosabertos.camara.leg.br/api/v2/proposicoes/2211705","EMA","608","7","2019",""
"285",2211706,"https://dadosabertos.camara.leg.br/api/v2/proposicoes/2211706","EMA","608","8","2019",""
"286",2211707,"https://dadosabertos.camara.leg.br/api/v2/proposicoes/2211707","EMA","608","9","2019",""
"287",2211822,"https://dadosabertos.camara.leg.br/api/v2/proposicoes/2211822","EMA","608","10","2019",""
"288",2211874,"https://dadosabertos.camara.leg.br/api/v2/proposicoes/2211874","EMA","608","11","2019",""
"289",2211877,"https://dadosabertos.camara.leg.br/api/v2/proposicoes/2211877","EMA","608","12","2019",""
"290",2211881,"https://dadosabertos.camara.leg.br/api/v2/proposicoes/2211881","EMA","608","13","2019",""
"291",2212015,"https://dadosabertos.camara.leg.br/api/v2/proposicoes/2212015","EMA","608","14","2019",""
"292",2212026,"https://dadosabertos.camara.leg.br/api/v2/proposicoes/2212026","EMA","608","15","2019",""
"293",2212057,"https://dadosabertos.camara.leg.br/api/v2/proposicoes/2212057","EMA","608","16","2019",""
"294",2212058,"https://dadosabertos.camara.leg.br/api/v2/proposicoes/2212058","EMA","608","17","2019",""
"295",2212041,"https://dadosabertos.camara.leg.br/api/v2/proposicoes/2212041","ERD","450","1","2019",""
"296",2212214,"https://dadosabertos.camara.leg.br/api/v2/proposicoes/2212214","ERD","450","2","2019",""
"297",2212215,"https://dadosabertos.camara.leg.br/api/v2/proposicoes/2212215","ERD","450","3","2019",""
